mysql> create table salesman (salesmanid varchar(10), name varchar(25) not null,
    -> city varchar(30) not null,
    -> comission numeric(6,2),
    -> primary key(salesmanid));
Query OK, 0 rows affected (0.16 sec)


mysql> desc salesman;
+------------+--------------+------+-----+---------+-------+
| Field      | Type         | Null | Key | Default | Extra |
+------------+--------------+------+-----+---------+-------+
| salesmanid | varchar(10)  | NO   | PRI | NULL    |       |
| name       | varchar(25)  | NO   |     | NULL    |       |
| city       | varchar(30)  | NO   |     | NULL    |       |
| comission  | decimal(6,2) | YES  |     | NULL    |       |
+------------+--------------+------+-----+---------+-------+
4 rows in set (0.02 sec)


--------------------------------------------------------------------------------------


mysql> create table customer(
    -> customer_id varchar(10) primary key,
    -> cust_name varchar(30) not null,
    -> city varchar(30) not null,
    -> grade numeric(5)not null,
    -> salesman_id varchar(10),
    -> foreign key (salesman_id) references salesman(salesmanid));
Query OK, 0 rows affected (0.09 sec)


mysql> desc customer;
+-------------+--------------+------+-----+---------+-------+
| Field       | Type         | Null | Key | Default | Extra |
+-------------+--------------+------+-----+---------+-------+
| customer_id | varchar(10)  | NO   | PRI | NULL    |       |
| cust_name   | varchar(30)  | NO   |     | NULL    |       |
| city        | varchar(30)  | NO   |     | NULL    |       |
| grade       | decimal(5,0) | NO   |     | NULL    |       |
| salesman_id | varchar(10)  | YES  | MUL | NULL    |       |
+-------------+--------------+------+-----+---------+-------+
5 rows in set (0.02 sec)



---------------------------------------------------------------------------------------

mysql> create table Orders(
    -> ord_no varchar(10) primary key,
    -> purch_amt numeric(6,2) not null,
    -> ord_date varchar(30) not null,
    -> customer_id varchar(10),
    -> foreign key (customer_id) references customer(customer_id),
    -> salesman_id varchar(10),
    -> foreign key (salesman_id) references salesman(salesmanid));
Query OK, 0 rows affected (0.10 sec)

mysql> desc Orders;
+-------------+--------------+------+-----+---------+-------+
| Field       | Type         | Null | Key | Default | Extra |
+-------------+--------------+------+-----+---------+-------+
| ord_no      | varchar(10)  | NO   | PRI | NULL    |       |
| purch_amt   | decimal(6,2) | NO   |     | NULL    |       |
| ord_date    | varchar(30)  | NO   |     | NULL    |       |
| customer_id | varchar(10)  | YES  | MUL | NULL    |       |
| salesman_id | varchar(10)  | YES  | MUL | NULL    |       |
+-------------+--------------+------+-----+---------+-------+
5 rows in set (0.02 sec)

mysql> show tables;
+------------------+
| Tables_in_groupb |
+------------------+
| customer         |
| orders           |
| salesman         |
+------------------+
3 rows in set (0.01 sec)


mysql> alter table salesman add area_id varchar(20);
Query OK, 0 rows affected (0.18 sec)
Records: 0  Duplicates: 0  Warnings: 0

mysql> desc salesman;
+------------+--------------+------+-----+---------+-------+
| Field      | Type         | Null | Key | Default | Extra |
+------------+--------------+------+-----+---------+-------+
| salesmanid | varchar(10)  | NO   | PRI | NULL    |       |
| name       | varchar(25)  | NO   |     | NULL    |       |
| city       | varchar(30)  | NO   |     | NULL    |       |
| comission  | decimal(6,2) | YES  |     | NULL    |       |
| area_id    | varchar(20)  | YES  |     | NULL    |       |
+------------+--------------+------+-----+---------+-------+


mysql> alter table salesman modify salesmanid varchar(20);
Query OK, 0 rows affected (0.04 sec)
Records: 0  Duplicates: 0  Warnings: 0

mysql> alter table salesman modify comission int;
Query OK, 0 rows affected (0.16 sec)
Records: 0  Duplicates: 0  Warnings: 0

mysql> alter table salesman change area_id phone varchar(20);
Query OK, 0 rows affected (0.05 sec)
Records: 0  Duplicates: 0  Warnings: 0

mysql> alter table salesman drop phone;
Query OK, 0 rows affected (0.13 sec)
Records: 0  Duplicates: 0  Warnings: 0


mysql> insert into salesman(salesmanid, name, city, comission) values('5001', 'James Hoog', 'New York', 0.15);
Query OK, 1 row affected, 1 warning (0.02 sec)

mysql> desc salesman;
+------------+---------------+------+-----+---------+-------+
| Field      | Type          | Null | Key | Default | Extra |
+------------+---------------+------+-----+---------+-------+
| salesmanid | varchar(20)   | NO   | PRI | NULL    |       |
| name       | varchar(25)   | NO   |     | NULL    |       |
| city       | varchar(30)   | NO   |     | NULL    |       |
| comission  | decimal(10,0) | YES  |     | NULL    |       |
+------------+---------------+------+-----+---------+-------+
4 rows in set (0.01 sec)

mysql> insert into salesman values('5002', 'Nail Knite', 'Paris', 0.13);
Query OK, 1 row affected, 1 warning (0.01 sec)


mysql> Select * from salesman;
+------------+------------+----------+-----------+
| salesmanid | name       | city     | comission |
+------------+------------+----------+-----------+
| 5001       | James Hoog | New York |         0 |
| 5002       | Nail Knite | Paris    |         0 |
| 5005       | Pit Alex   | London   |         0 |
+------------+------------+----------+-----------+
3 rows in set (0.01 sec)


ERROR 1064 (42000): You have an error in your SQL syntax; check the manual that corresponds to your MySQL server version for the right syntax to use near 'NULL' at line 1

mysql> alter table customer modify grade int NULL;

INSERTION OF VALUES

Enter password: *********
Welcome to the MySQL monitor.  Commands end with ; or \g.
Your MySQL connection id is 8
Server version: 8.0.28 MySQL Community Server - GPL

Copyright (c) 2000, 2022, Oracle and/or its affiliates.

Oracle is a registered trademark of Oracle Corporation and/or its
affiliates. Other names may be trademarks of their respective
owners.

Type 'help;' or '\h' for help. Type '\c' to clear the current input statement.

mysql> show database
    -> show database;
ERROR 1064 (42000): You have an error in your SQL syntax; check the manual that corresponds to your MySQL server version for the right syntax to use near 'database
show database' at line 1
mysql> show database;
ERROR 1064 (42000): You have an error in your SQL syntax; check the manual that corresponds to your MySQL server version for the right syntax to use near 'database' at line 1
mysql> show databases;
+--------------------+
| Database           |
+--------------------+
| groupb             |
| information_schema |
| mysql              |
| performance_schema |
| sakila             |
| sys                |
| world              |
+--------------------+
7 rows in set (0.21 sec)

mysql> use groupb;
Database changed
mysql> show tables;
+------------------+
| Tables_in_groupb |
+------------------+
| customer         |
| orders           |
| salesman         |
+------------------+
3 rows in set (0.02 sec)

mysql> insert into salesman values('5006', 'Mc Lyon', 'Paris', 0.14);
Query OK, 1 row affected (0.06 sec)

mysql> insert into salesman values('5007', 'Paul Adam', 'Rome', 0.13);
Query OK, 1 row affected (0.01 sec)

mysql> insert into salesman values('5003', 'Lauson Hen', 'San Jose', 0.12);
Query OK, 1 row affected (0.01 sec)

mysql> select * from salesman;
+------------+------------+----------+-----------+
| salesmanid | name       | city     | comission |
+------------+------------+----------+-----------+
| 5003       | Lauson Hen | San Jose |      0.12 |
| 5006       | Mc Lyon    | Paris    |      0.14 |
| 5007       | Paul Adam  | Rome     |      0.13 |
+------------+------------+----------+-----------+
3 rows in set (0.00 sec)

mysql> insert into salesman values('5005', 'Pit Alex', 'London', 0.11);
Query OK, 1 row affected (0.01 sec)

mysql> insert into salesman(salesmanid, name, city, comission) values('5001', 'James Hoog', 'New York', 0.15);
Query OK, 1 row affected (0.01 sec)

mysql> insert into salesman values('5002', 'Nail Knite', 'Paris', 0.13);
Query OK, 1 row affected (0.01 sec)

mysql> select * from salesman;
+------------+------------+----------+-----------+
| salesmanid | name       | city     | comission |
+------------+------------+----------+-----------+
| 5001       | James Hoog | New York |      0.15 |
| 5002       | Nail Knite | Paris    |      0.13 |
| 5003       | Lauson Hen | San Jose |      0.12 |
| 5005       | Pit Alex   | London   |      0.11 |
| 5006       | Mc Lyon    | Paris    |      0.14 |
| 5007       | Paul Adam  | Rome     |      0.13 |
+------------+------------+----------+-----------+
6 rows in set (0.00 sec)

mysql> desc customer;
+-------------+--------------+------+-----+---------+-------+
| Field       | Type         | Null | Key | Default | Extra |
+-------------+--------------+------+-----+---------+-------+
| customer_id | varchar(10)  | NO   | PRI | NULL    |       |
| cust_name   | varchar(30)  | NO   |     | NULL    |       |
| city        | varchar(30)  | NO   |     | NULL    |       |
| grade       | decimal(5,0) | YES  |     | NULL    |       |
| salesmanid  | varchar(10)  | YES  | MUL | NULL    |       |
+-------------+--------------+------+-----+---------+-------+
5 rows in set (0.02 sec)

mysql> insert into customer values('3002', 'Nick Rimando', 'New York', 100, '5001');
Query OK, 1 row affected (0.02 sec)

mysql> insert into customer values('3007', 'Brad Davis', 'New York', 200, '5001');
Query OK, 1 row affected (0.01 sec)

mysql> insert into customer values('3005', 'Graham Zusi', 'California', 200, '5002');
Query OK, 1 row affected (0.00 sec)

mysql> insert into customer values('3008', 'Julian Green', 'London', 300, '5002');
Query OK, 1 row affected (0.01 sec)

mysql> insert into customer values('3004', 'Fabian Johnson', 'London', 300, '5006');
Query OK, 1 row affected (0.01 sec)

mysql> insert into customer values('3009', 'Geoff Cameron', 'Berlin', 100, '5003');
Query OK, 1 row affected (0.01 sec)

mysql> insert into customer values('3003', 'Jozy Altidor', 'Moscow', 200, '5007');
Query OK, 1 row affected (0.00 sec)

mysql> select * from customer;
+-------------+----------------+------------+-------+------------+
| customer_id | cust_name      | city       | grade | salesmanid |
+-------------+----------------+------------+-------+------------+
| 3002        | Nick Rimando   | New York   |   100 | 5001       |
| 3003        | Jozy Altidor   | Moscow     |   200 | 5007       |
| 3004        | Fabian Johnson | London     |   300 | 5006       |
| 3005        | Graham Zusi    | California |   200 | 5002       |
| 3007        | Brad Davis     | New York   |   200 | 5001       |
| 3008        | Julian Green   | London     |   300 | 5002       |
| 3009        | Geoff Cameron  | Berlin     |   100 | 5003       |
+-------------+----------------+------------+-------+------------+
7 rows in set (0.00 sec)

mysql> desc orders;
+-------------+--------------+------+-----+---------+-------+
| Field       | Type         | Null | Key | Default | Extra |
+-------------+--------------+------+-----+---------+-------+
| ord_no      | varchar(20)  | NO   | PRI | NULL    |       |
| purch_amt   | decimal(6,2) | YES  |     | NULL    |       |
| ord_date    | varchar(20)  | YES  |     | NULL    |       |
| customer_id | varchar(10)  | YES  | MUL | NULL    |       |
| salesmanid  | varchar(10)  | YES  | MUL | NULL    |       |
+-------------+--------------+------+-----+---------+-------+
5 rows in set (0.00 sec)

mysql> insert into orders values('70001', 150.5, '2012-10-05', '3005', '5002');
Query OK, 1 row affected (0.02 sec)

mysql> insert into customer values('3001', 'Brad Guzan', 'London',null , '5005');
Query OK, 1 row affected (0.01 sec)

mysql> insert into orders values('70009', 270.65, '2012-09-10', '3001', '5005');
Query OK, 1 row affected (0.01 sec)

mysql> insert into orders values('70002', 65.26, '2012-10-05', '3002', '5001');
Query OK, 1 row affected (0.00 sec)

mysql> insert into orders values('70004', 110.5, '2012-08-17', '3009', '5003');
Query OK, 1 row affected (0.01 sec)

mysql> insert into orders values('70007', 948.5, '2012-09-10', '3005', '5002');
Query OK, 1 row affected (0.01 sec)

mysql> insert into orders values('70005', 2400.6, '2012-07-27', '3007', '5001');
Query OK, 1 row affected (0.01 sec)

mysql> insert into orders values('70008', 5760, '2012-09-10', '3002', '5001');
Query OK, 1 row affected (0.01 sec)

mysql> insert into orders values('70010', 1983.43, '2012-10-10', '3004', '5006');
Query OK, 1 row affected (0.01 sec)

mysql> select * from orders;
+--------+-----------+------------+-------------+------------+
| ord_no | purch_amt | ord_date   | customer_id | salesmanid |
+--------+-----------+------------+-------------+------------+
| 70001  |    150.50 | 2012-10-05 | 3005        | 5002       |
| 70002  |     65.26 | 2012-10-05 | 3002        | 5001       |
| 70004  |    110.50 | 2012-08-17 | 3009        | 5003       |
| 70005  |   2400.60 | 2012-07-27 | 3007        | 5001       |
| 70007  |    948.50 | 2012-09-10 | 3005        | 5002       |
| 70008  |   5760.00 | 2012-09-10 | 3002        | 5001       |
| 70009  |    270.65 | 2012-09-10 | 3001        | 5005       |
| 70010  |   1983.43 | 2012-10-10 | 3004        | 5006       |
+--------+-----------+------------+-------------+------------+
8 rows in set (0.00 sec)